{
  "0": [
    {
      "client_part_id": 0,
      "name": "Skeleton",
      "part_index": 6,
      "rarity": "SSR",
      "ratio": "0.0041",
      "token_id": 1006
    },
    {
      "client_part_id": 0,
      "name": "Zombie",
      "part_index": 5,
      "rarity": "SSR",
      "ratio": "0.0061",
      "token_id": 1005
    },
    {
      "client_part_id": 0,
      "name": "Elves",
      "part_index": 4,
      "rarity": "SR",
      "ratio": "0.0154",
      "token_id": 1004
    },
    {
      "client_part_id": 0,
      "name": "Robot",
      "part_index": 3,
      "rarity": "SR",
      "ratio": "0.0384",
      "token_id": 1003
    },
    {
      "client_part_id": 0,
      "name": "Monkey",
      "part_index": 2,
      "rarity": "R",
      "ratio": "0.096",
      "token_id": 1002
    },
    {
      "client_part_id": 0,
      "name": "Alien",
      "part_index": 1,
      "rarity": "R",
      "ratio": "0.24",
      "token_id": 1001
    },
    {
      "client_part_id": 0,
      "name": "Human",
      "part_index": 0,
      "rarity": "N",
      "ratio": "0.6",
      "token_id": 1000
    }
  ],
  "1": [
    {
      "client_part_id": 1,
      "name": "Brown Afro",
      "part_index": 12,
      "rarity": "SSR",
      "ratio": "0.02",
      "token_id": 1111
    },
    {
      "client_part_id": 1,
      "name": "Fiery Mohawk",
      "part_index": 11,
      "rarity": "SSR",
      "ratio": "0.03",
      "token_id": 1110
    },
    {
      "client_part_id": 1,
      "name": "Gold Afro",
      "part_index": 10,
      "rarity": "SSR",
      "ratio": "0.05",
      "token_id": 1109
    },
    {
      "client_part_id": 1,
      "name": "Bun",
      "part_index": 7,
      "rarity": "SR",
      "ratio": "0.08",
      "token_id": 1106
    },
    {
      "client_part_id": 1,
      "name": "Brown Messy",
      "part_index": 8,
      "rarity": "SR",
      "ratio": "0.08",
      "token_id": 1107
    },
    {
      "client_part_id": 1,
      "name": "Half-shaved",
      "part_index": 9,
      "rarity": "SR",
      "ratio": "0.08",
      "token_id": 1108
    },
    {
      "client_part_id": 1,
      "name": "Ponytail",
      "part_index": 4,
      "rarity": "R",
      "ratio": "0.1",
      "token_id": 1103
    },
    {
      "client_part_id": 1,
      "name": "Gold Messy",
      "part_index": 5,
      "rarity": "R",
      "ratio": "0.1",
      "token_id": 1104
    },
    {
      "client_part_id": 1,
      "name": "One Side",
      "part_index": 6,
      "rarity": "R",
      "ratio": "0.1",
      "token_id": 1105
    },
    {
      "client_part_id": 1,
      "name": "Slicked Ponytail",
      "part_index": 1,
      "rarity": "N",
      "ratio": "0.12",
      "token_id": 1100
    },
    {
      "client_part_id": 1,
      "name": "Bob",
      "part_index": 2,
      "rarity": "N",
      "ratio": "0.12",
      "token_id": 1101
    },
    {
      "client_part_id": 1,
      "name": "Slicked Back",
      "part_index": 3,
      "rarity": "N",
      "ratio": "0.12",
      "token_id": 1102
    }
  ],
  "2": [
    {
      "client_part_id": 2,
      "name": "Goatee",
      "part_index": 10,
      "rarity": "SSR",
      "ratio": "0.04",
      "token_id": 1209
    },
    {
      "client_part_id": 2,
      "name": "Pencil",
      "part_index": 7,
      "rarity": "SSR",
      "ratio": "0.08",
      "token_id": 1206
    },
    {
      "client_part_id": 2,
      "name": "Dali",
      "part_index": 8,
      "rarity": "SSR",
      "ratio": "0.08",
      "token_id": 1207
    },
    {
      "client_part_id": 2,
      "name": "Long Beard",
      "part_index": 9,
      "rarity": "SSR",
      "ratio": "0.08",
      "token_id": 1208
    },
    {
      "client_part_id": 2,
      "name": "Mustache",
      "part_index": 5,
      "rarity": "SR",
      "ratio": "0.1",
      "token_id": 1204
    },
    {
      "client_part_id": 2,
      "name": "Muttonchops",
      "part_index": 6,
      "rarity": "SR",
      "ratio": "0.1",
      "token_id": 1205
    },
    {
      "client_part_id": 2,
      "name": "Beardlet",
      "part_index": 3,
      "rarity": "R",
      "ratio": "0.12",
      "token_id": 1202
    },
    {
      "client_part_id": 2,
      "name": "Whisker",
      "part_index": 4,
      "rarity": "R",
      "ratio": "0.12",
      "token_id": 1203
    },
    {
      "client_part_id": 2,
      "name": "Full beard",
      "part_index": 1,
      "rarity": "N",
      "ratio": "0.14",
      "token_id": 1200
    },
    {
      "client_part_id": 2,
      "name": "Handlebar",
      "part_index": 2,
      "rarity": "N",
      "ratio": "0.14",
      "token_id": 1201
    }
  ],
  "3": [
    {
      "client_part_id": 3,
      "name": "Striped glasses",
      "part_index": 10,
      "rarity": "SSR",
      "ratio": "0.05",
      "token_id": 1309
    },
    {
      "client_part_id": 3,
      "name": "Nerdy",
      "part_index": 11,
      "rarity": "SSR",
      "ratio": "0.05",
      "token_id": 1310
    },
    {
      "client_part_id": 3,
      "name": "Large Lens Glasses",
      "part_index": 7,
      "rarity": "SR",
      "ratio": "0.08",
      "token_id": 1306
    },
    {
      "client_part_id": 3,
      "name": "Pink Glasses",
      "part_index": 8,
      "rarity": "SR",
      "ratio": "0.08",
      "token_id": 1307
    },
    {
      "client_part_id": 3,
      "name": "Black Glasses",
      "part_index": 9,
      "rarity": "SR",
      "ratio": "0.08",
      "token_id": 1308
    },
    {
      "client_part_id": 3,
      "name": "Frameless",
      "part_index": 4,
      "rarity": "R",
      "ratio": "0.1",
      "token_id": 1303
    },
    {
      "client_part_id": 3,
      "name": "Gray Square Glasses",
      "part_index": 5,
      "rarity": "R",
      "ratio": "0.1",
      "token_id": 1304
    },
    {
      "client_part_id": 3,
      "name": "White Square Glasses",
      "part_index": 6,
      "rarity": "R",
      "ratio": "0.1",
      "token_id": 1305
    },
    {
      "client_part_id": 3,
      "name": "Sunglasses",
      "part_index": 1,
      "rarity": "N",
      "ratio": "0.12",
      "token_id": 1300
    },
    {
      "client_part_id": 3,
      "name": "Yellow Glasses",
      "part_index": 2,
      "rarity": "N",
      "ratio": "0.12",
      "token_id": 1301
    },
    {
      "client_part_id": 3,
      "name": "Blue Glasses",
      "part_index": 3,
      "rarity": "N",
      "ratio": "0.12",
      "token_id": 1302
    }
  ],
  "4": [
    {
      "client_part_id": 4,
      "name": "USA 10 Jersey",
      "part_index": 27,
      "rarity": "SSR",
      "ratio": "0.01",
      "token_id": 1425
    },
    {
      "client_part_id": 4,
      "name": "TELE 21 Jersey",
      "part_index": 28,
      "rarity": "SSR",
      "ratio": "0.01",
      "token_id": 1426
    },
    {
      "client_part_id": 4,
      "name": "Bulls 23 Jersey",
      "part_index": 29,
      "rarity": "SSR",
      "ratio": "0.01",
      "token_id": 1427
    },
    {
      "client_part_id": 4,
      "name": "LAK 24 Jersey",
      "part_index": 31,
      "rarity": "SSR",
      "ratio": "0.01",
      "token_id": 1428
    },
    {
      "client_part_id": 4,
      "name": "ERJK 13 Jersey",
      "part_index": 32,
      "rarity": "SSR",
      "ratio": "0.01",
      "token_id": 1429
    },
    {
      "client_part_id": 4,
      "name": "Rocket 1 Jersey",
      "part_index": 22,
      "rarity": "SR",
      "ratio": "0.02",
      "token_id": 1420
    },
    {
      "client_part_id": 4,
      "name": "CAVS 2 Jersey",
      "part_index": 23,
      "rarity": "SR",
      "ratio": "0.02",
      "token_id": 1421
    },
    {
      "client_part_id": 4,
      "name": "NEW 3 Jersey",
      "part_index": 24,
      "rarity": "SR",
      "ratio": "0.02",
      "token_id": 1422
    },
    {
      "client_part_id": 4,
      "name": "Rock 0 Jersey",
      "part_index": 25,
      "rarity": "SR",
      "ratio": "0.02",
      "token_id": 1423
    },
    {
      "client_part_id": 4,
      "name": "SHOK 10 Jersey",
      "part_index": 26,
      "rarity": "SR",
      "ratio": "0.02",
      "token_id": 1424
    },
    {
      "client_part_id": 4,
      "name": "Heart Jersey",
      "part_index": 15,
      "rarity": "R",
      "ratio": "0.03",
      "token_id": 1413
    },
    {
      "client_part_id": 4,
      "name": "Skeleton Jersey",
      "part_index": 16,
      "rarity": "R",
      "ratio": "0.03",
      "token_id": 1414
    },
    {
      "client_part_id": 4,
      "name": "Heartbeat Tee",
      "part_index": 17,
      "rarity": "R",
      "ratio": "0.03",
      "token_id": 1415
    },
    {
      "client_part_id": 4,
      "name": "Featured Tie Suit",
      "part_index": 18,
      "rarity": "R",
      "ratio": "0.03",
      "token_id": 1416
    },
    {
      "client_part_id": 4,
      "name": "Text Jersey",
      "part_index": 19,
      "rarity": "R",
      "ratio": "0.03",
      "token_id": 1417
    },
    {
      "client_part_id": 4,
      "name": "Rocket Jersey",
      "part_index": 20,
      "rarity": "R",
      "ratio": "0.03",
      "token_id": 1418
    },
    {
      "client_part_id": 4,
      "name": "Bomb Jersey",
      "part_index": 21,
      "rarity": "R",
      "ratio": "0.03",
      "token_id": 1419
    },
    {
      "client_part_id": 4,
      "name": "Cross Jersey",
      "part_index": 9,
      "rarity": "R",
      "ratio": "0.04",
      "token_id": 1408
    },
    {
      "client_part_id": 4,
      "name": "Rock Jersey",
      "part_index": 10,
      "rarity": "R",
      "ratio": "0.04",
      "token_id": 1409
    },
    {
      "client_part_id": 4,
      "name": "USA Tee",
      "part_index": 12,
      "rarity": "R",
      "ratio": "0.04",
      "token_id": 1410
    },
    {
      "client_part_id": 4,
      "name": "Simple Suit",
      "part_index": 13,
      "rarity": "R",
      "ratio": "0.04",
      "token_id": 1411
    },
    {
      "client_part_id": 4,
      "name": "Stripe Jersey",
      "part_index": 14,
      "rarity": "R",
      "ratio": "0.04",
      "token_id": 1412
    },
    {
      "client_part_id": 4,
      "name": "Logo Tee",
      "part_index": 5,
      "rarity": "N",
      "ratio": "0.05",
      "token_id": 1404
    },
    {
      "client_part_id": 4,
      "name": "Glyph Tee",
      "part_index": 6,
      "rarity": "N",
      "ratio": "0.05",
      "token_id": 1405
    },
    {
      "client_part_id": 4,
      "name": "Stylized Tee",
      "part_index": 7,
      "rarity": "N",
      "ratio": "0.05",
      "token_id": 1406
    },
    {
      "client_part_id": 4,
      "name": "Pinstripe Tee",
      "part_index": 8,
      "rarity": "N",
      "ratio": "0.05",
      "token_id": 1407
    },
    {
      "client_part_id": 4,
      "name": "White Tee",
      "part_index": 1,
      "rarity": "N",
      "ratio": "0.06",
      "token_id": 1400
    },
    {
      "client_part_id": 4,
      "name": "Stripe Tee",
      "part_index": 2,
      "rarity": "N",
      "ratio": "0.06",
      "token_id": 1401
    },
    {
      "client_part_id": 4,
      "name": "Gradient Sweater",
      "part_index": 3,
      "rarity": "N",
      "ratio": "0.06",
      "token_id": 1402
    },
    {
      "client_part_id": 4,
      "name": "Lines Tee",
      "part_index": 4,
      "rarity": "N",
      "ratio": "0.06",
      "token_id": 1403
    }
  ],
  "5": [
    {
      "client_part_id": 5,
      "name": "Leather Necklace",
      "part_index": 10,
      "rarity": "SSR",
      "ratio": "0.04",
      "token_id": 1509
    },
    {
      "client_part_id": 5,
      "name": "Punk Necklace",
      "part_index": 7,
      "rarity": "SR",
      "ratio": "0.08",
      "token_id": 1506
    },
    {
      "client_part_id": 5,
      "name": "Kerchief",
      "part_index": 8,
      "rarity": "SR",
      "ratio": "0.08",
      "token_id": 1507
    },
    {
      "client_part_id": 5,
      "name": "Mashup Chain",
      "part_index": 9,
      "rarity": "SR",
      "ratio": "0.08",
      "token_id": 1508
    },
    {
      "client_part_id": 5,
      "name": "Alien Chain",
      "part_index": 4,
      "rarity": "R",
      "ratio": "0.1",
      "token_id": 1503
    },
    {
      "client_part_id": 5,
      "name": "Pink Alien Chain",
      "part_index": 5,
      "rarity": "R",
      "ratio": "0.1",
      "token_id": 1504
    },
    {
      "client_part_id": 5,
      "name": "Scarf",
      "part_index": 6,
      "rarity": "R",
      "ratio": "0.1",
      "token_id": 1505
    },
    {
      "client_part_id": 5,
      "name": "Gold Cross Chain",
      "part_index": 1,
      "rarity": "N",
      "ratio": "0.14",
      "token_id": 1500
    },
    {
      "client_part_id": 5,
      "name": "Black Cross Chain",
      "part_index": 2,
      "rarity": "N",
      "ratio": "0.14",
      "token_id": 1501
    },
    {
      "client_part_id": 5,
      "name": "Gray Skeleton Chain",
      "part_index": 3,
      "rarity": "N",
      "ratio": "0.14",
      "token_id": 1502
    }
  ],
  "6": [
    {
      "client_part_id": 6,
      "name": "Pink Basketball",
      "part_index": 16,
      "rarity": "SSR",
      "ratio": "0.02",
      "token_id": 1616
    },
    {
      "client_part_id": 6,
      "name": "Featured Boots",
      "part_index": 17,
      "rarity": "SSR",
      "ratio": "0.02",
      "token_id": 1617
    },
    {
      "client_part_id": 6,
      "name": "Blue Boots",
      "part_index": 19,
      "rarity": "SSR",
      "ratio": "0.02",
      "token_id": 1618
    },
    {
      "client_part_id": 6,
      "name": "Gray Boots",
      "part_index": 20,
      "rarity": "SSR",
      "ratio": "0.02",
      "token_id": 1619
    },
    {
      "client_part_id": 6,
      "name": "Red Basketball",
      "part_index": 13,
      "rarity": "SR",
      "ratio": "0.04",
      "token_id": 1612
    },
    {
      "client_part_id": 6,
      "name": "Punk Boots",
      "part_index": 14,
      "rarity": "SR",
      "ratio": "0.04",
      "token_id": 1613
    },
    {
      "client_part_id": 6,
      "name": "Sandals",
      "part_index": 15,
      "rarity": "SR",
      "ratio": "0.04",
      "token_id": 1614
    },
    {
      "client_part_id": 6,
      "name": "Black Basketball",
      "part_index": 18,
      "rarity": "SR",
      "ratio": "0.04",
      "token_id": 1615
    },
    {
      "client_part_id": 6,
      "name": "Yellow Sneakers",
      "part_index": 9,
      "rarity": "R",
      "ratio": "0.05",
      "token_id": 1608
    },
    {
      "client_part_id": 6,
      "name": "Khaki Sneakers",
      "part_index": 10,
      "rarity": "R",
      "ratio": "0.05",
      "token_id": 1609
    },
    {
      "client_part_id": 6,
      "name": "White Basketball",
      "part_index": 11,
      "rarity": "R",
      "ratio": "0.05",
      "token_id": 1610
    },
    {
      "client_part_id": 6,
      "name": "Pink Sneakers",
      "part_index": 12,
      "rarity": "R",
      "ratio": "0.05",
      "token_id": 1611
    },
    {
      "client_part_id": 6,
      "name": "Fashion Running",
      "part_index": 5,
      "rarity": "N",
      "ratio": "0.06",
      "token_id": 1604
    },
    {
      "client_part_id": 6,
      "name": "Newschool Sneakers",
      "part_index": 6,
      "rarity": "N",
      "ratio": "0.06",
      "token_id": 1605
    },
    {
      "client_part_id": 6,
      "name": "Khaki Canvas",
      "part_index": 7,
      "rarity": "N",
      "ratio": "0.06",
      "token_id": 1606
    },
    {
      "client_part_id": 6,
      "name": "Blue Sneakers",
      "part_index": 8,
      "rarity": "N",
      "ratio": "0.06",
      "token_id": 1607
    },
    {
      "client_part_id": 6,
      "name": "Classic Sneakers",
      "part_index": 1,
      "rarity": "N",
      "ratio": "0.08",
      "token_id": 1600
    },
    {
      "client_part_id": 6,
      "name": "Red Running",
      "part_index": 2,
      "rarity": "N",
      "ratio": "0.08",
      "token_id": 1601
    },
    {
      "client_part_id": 6,
      "name": "Colorful Sneakers",
      "part_index": 3,
      "rarity": "N",
      "ratio": "0.08",
      "token_id": 1602
    },
    {
      "client_part_id": 6,
      "name": "Oldschool Sneakers",
      "part_index": 4,
      "rarity": "N",
      "ratio": "0.08",
      "token_id": 1603
    }
  ],
  "7": [
    {
      "client_part_id": 7,
      "name": "Red Punk Pants",
      "part_index": 17,
      "rarity": "SSR",
      "ratio": "0.02",
      "token_id": 1716
    },
    {
      "client_part_id": 7,
      "name": "Black Pants",
      "part_index": 18,
      "rarity": "SSR",
      "ratio": "0.02",
      "token_id": 1717
    },
    {
      "client_part_id": 7,
      "name": "Pink Pants",
      "part_index": 19,
      "rarity": "SSR",
      "ratio": "0.02",
      "token_id": 1718
    },
    {
      "client_part_id": 7,
      "name": "Vans Pants",
      "part_index": 20,
      "rarity": "SSR",
      "ratio": "0.02",
      "token_id": 1719
    },
    {
      "client_part_id": 7,
      "name": "Simple Jeans",
      "part_index": 13,
      "rarity": "SR",
      "ratio": "0.04",
      "token_id": 1712
    },
    {
      "client_part_id": 7,
      "name": "Skeleton Jeans",
      "part_index": 14,
      "rarity": "SR",
      "ratio": "0.04",
      "token_id": 1713
    },
    {
      "client_part_id": 7,
      "name": "Featured Pants",
      "part_index": 15,
      "rarity": "SR",
      "ratio": "0.04",
      "token_id": 1714
    },
    {
      "client_part_id": 7,
      "name": "Stylize Pants",
      "part_index": 16,
      "rarity": "SR",
      "ratio": "0.04",
      "token_id": 1715
    },
    {
      "client_part_id": 7,
      "name": "Patch Pants",
      "part_index": 9,
      "rarity": "R",
      "ratio": "0.05",
      "token_id": 1708
    },
    {
      "client_part_id": 7,
      "name": "Camouflage Ripped Shorts",
      "part_index": 10,
      "rarity": "R",
      "ratio": "0.05",
      "token_id": 1709
    },
    {
      "client_part_id": 7,
      "name": "Leisure Shorts",
      "part_index": 11,
      "rarity": "R",
      "ratio": "0.05",
      "token_id": 1710
    },
    {
      "client_part_id": 7,
      "name": "Stripe Pants",
      "part_index": 12,
      "rarity": "R",
      "ratio": "0.05",
      "token_id": 1711
    },
    {
      "client_part_id": 7,
      "name": "Casual Pants",
      "part_index": 5,
      "rarity": "N",
      "ratio": "0.06",
      "token_id": 1704
    },
    {
      "client_part_id": 7,
      "name": "Leisure Pants",
      "part_index": 6,
      "rarity": "N",
      "ratio": "0.06",
      "token_id": 1705
    },
    {
      "client_part_id": 7,
      "name": "Vans Shorts",
      "part_index": 7,
      "rarity": "N",
      "ratio": "0.06",
      "token_id": 1706
    },
    {
      "client_part_id": 7,
      "name": "Ripped Jeans",
      "part_index": 8,
      "rarity": "N",
      "ratio": "0.06",
      "token_id": 1707
    },
    {
      "client_part_id": 7,
      "name": "Punk Pants",
      "part_index": 1,
      "rarity": "N",
      "ratio": "0.08",
      "token_id": 1700
    },
    {
      "client_part_id": 7,
      "name": "Punk Jeans",
      "part_index": 2,
      "rarity": "N",
      "ratio": "0.08",
      "token_id": 1701
    },
    {
      "client_part_id": 7,
      "name": "Khaki Pants",
      "part_index": 3,
      "rarity": "N",
      "ratio": "0.08",
      "token_id": 1702
    },
    {
      "client_part_id": 7,
      "name": "Gold Pants",
      "part_index": 4,
      "rarity": "N",
      "ratio": "0.08",
      "token_id": 1703
    }
  ],
  "8": [
    {
      "client_part_id": 8,
      "name": "Black Skeleton Cap",
      "part_index": 17,
      "rarity": "SSR",
      "ratio": "0.02",
      "token_id": 1816
    },
    {
      "client_part_id": 8,
      "name": "Orange Cap",
      "part_index": 18,
      "rarity": "SSR",
      "ratio": "0.02",
      "token_id": 1817
    },
    {
      "client_part_id": 8,
      "name": "Little Punk Cap",
      "part_index": 19,
      "rarity": "SSR",
      "ratio": "0.02",
      "token_id": 1818
    },
    {
      "client_part_id": 8,
      "name": "Police Cap",
      "part_index": 20,
      "rarity": "SSR",
      "ratio": "0.02",
      "token_id": 1819
    },
    {
      "client_part_id": 8,
      "name": "Mashup Cap",
      "part_index": 13,
      "rarity": "SR",
      "ratio": "0.04",
      "token_id": 1812
    },
    {
      "client_part_id": 8,
      "name": "Eagle Cap",
      "part_index": 14,
      "rarity": "SR",
      "ratio": "0.04",
      "token_id": 1813
    },
    {
      "client_part_id": 8,
      "name": "Brimmed",
      "part_index": 15,
      "rarity": "SR",
      "ratio": "0.04",
      "token_id": 1814
    },
    {
      "client_part_id": 8,
      "name": "Camouflage Cap",
      "part_index": 16,
      "rarity": "SR",
      "ratio": "0.04",
      "token_id": 1815
    },
    {
      "client_part_id": 8,
      "name": "Heart Cap",
      "part_index": 9,
      "rarity": "R",
      "ratio": "0.05",
      "token_id": 1808
    },
    {
      "client_part_id": 8,
      "name": "Punk Skeleton Cap",
      "part_index": 10,
      "rarity": "R",
      "ratio": "0.05",
      "token_id": 1809
    },
    {
      "client_part_id": 8,
      "name": "Green Cap",
      "part_index": 11,
      "rarity": "R",
      "ratio": "0.05",
      "token_id": 1810
    },
    {
      "client_part_id": 8,
      "name": "Fork Cap",
      "part_index": 12,
      "rarity": "R",
      "ratio": "0.05",
      "token_id": 1811
    },
    {
      "client_part_id": 8,
      "name": "Punk Cap",
      "part_index": 5,
      "rarity": "N",
      "ratio": "0.06",
      "token_id": 1804
    },
    {
      "client_part_id": 8,
      "name": "Big Skeleton Cap",
      "part_index": 6,
      "rarity": "N",
      "ratio": "0.06",
      "token_id": 1805
    },
    {
      "client_part_id": 8,
      "name": "Logo Cap",
      "part_index": 7,
      "rarity": "N",
      "ratio": "0.06",
      "token_id": 1806
    },
    {
      "client_part_id": 8,
      "name": "Little Monster Cap",
      "part_index": 8,
      "rarity": "N",
      "ratio": "0.06",
      "token_id": 1807
    },
    {
      "client_part_id": 8,
      "name": "Monster Cap",
      "part_index": 1,
      "rarity": "N",
      "ratio": "0.08",
      "token_id": 1800
    },
    {
      "client_part_id": 8,
      "name": "Owl Cap",
      "part_index": 2,
      "rarity": "N",
      "ratio": "0.08",
      "token_id": 1801
    },
    {
      "client_part_id": 8,
      "name": "Skeleton Cap",
      "part_index": 3,
      "rarity": "N",
      "ratio": "0.08",
      "token_id": 1802
    },
    {
      "client_part_id": 8,
      "name": "Sup Star Cap",
      "part_index": 4,
      "rarity": "N",
      "ratio": "0.08",
      "token_id": 1803
    }
  ],
  "9": [
    {
      "client_part_id": 9,
      "name": "Gold Hoops",
      "part_index": 10,
      "rarity": "SSR",
      "ratio": "0.05",
      "token_id": 1909
    },
    {
      "client_part_id": 9,
      "name": "Gold Cross Earrings",
      "part_index": 11,
      "rarity": "SSR",
      "ratio": "0.05",
      "token_id": 1910
    },
    {
      "client_part_id": 9,
      "name": "Skeleton Earrings",
      "part_index": 7,
      "rarity": "SR",
      "ratio": "0.08",
      "token_id": 1906
    },
    {
      "client_part_id": 9,
      "name": "Little Gold Earrings",
      "part_index": 8,
      "rarity": "SR",
      "ratio": "0.08",
      "token_id": 1907
    },
    {
      "client_part_id": 9,
      "name": "Mashup Earrings",
      "part_index": 9,
      "rarity": "SR",
      "ratio": "0.08",
      "token_id": 1908
    },
    {
      "client_part_id": 9,
      "name": "Eardrop",
      "part_index": 4,
      "rarity": "R",
      "ratio": "0.1",
      "token_id": 1903
    },
    {
      "client_part_id": 9,
      "name": "Little Black Earrings",
      "part_index": 5,
      "rarity": "R",
      "ratio": "0.1",
      "token_id": 1904
    },
    {
      "client_part_id": 9,
      "name": "Pink Cross Earrings",
      "part_index": 6,
      "rarity": "R",
      "ratio": "0.1",
      "token_id": 1905
    },
    {
      "client_part_id": 9,
      "name": "Black Earrings",
      "part_index": 1,
      "rarity": "N",
      "ratio": "0.12",
      "token_id": 1900
    },
    {
      "client_part_id": 9,
      "name": "Cross Earrings",
      "part_index": 2,
      "rarity": "N",
      "ratio": "0.12",
      "token_id": 1901
    },
    {
      "client_part_id": 9,
      "name": "Little Cross Earrings",
      "part_index": 3,
      "rarity": "N",
      "ratio": "0.12",
      "token_id": 1902
    }
  ],
  "10": [
    {
      "client_part_id": 10,
      "name": "Pink Rock",
      "part_index": 17,
      "rarity": "SSR",
      "ratio": "0.02",
      "token_id": 2016
    },
    {
      "client_part_id": 10,
      "name": "Stripe Vest",
      "part_index": 18,
      "rarity": "SSR",
      "ratio": "0.02",
      "token_id": 2017
    },
    {
      "client_part_id": 10,
      "name": "Rock Vest",
      "part_index": 19,
      "rarity": "SSR",
      "ratio": "0.02",
      "token_id": 2018
    },
    {
      "client_part_id": 10,
      "name": "Dead Sleeveless Jacket",
      "part_index": 20,
      "rarity": "SSR",
      "ratio": "0.02",
      "token_id": 2019
    },
    {
      "client_part_id": 10,
      "name": "Red Sports Jacket",
      "part_index": 13,
      "rarity": "SR",
      "ratio": "0.04",
      "token_id": 2012
    },
    {
      "client_part_id": 10,
      "name": "Classic Suit",
      "part_index": 14,
      "rarity": "SR",
      "ratio": "0.04",
      "token_id": 2013
    },
    {
      "client_part_id": 10,
      "name": "School Uniform",
      "part_index": 15,
      "rarity": "SR",
      "ratio": "0.04",
      "token_id": 2014
    },
    {
      "client_part_id": 10,
      "name": "Leisure Suit",
      "part_index": 16,
      "rarity": "SR",
      "ratio": "0.04",
      "token_id": 2015
    },
    {
      "client_part_id": 10,
      "name": "Trenchcoat",
      "part_index": 9,
      "rarity": "R",
      "ratio": "0.05",
      "token_id": 2008
    },
    {
      "client_part_id": 10,
      "name": "Black Sleeveless Jacket",
      "part_index": 10,
      "rarity": "R",
      "ratio": "0.05",
      "token_id": 2009
    },
    {
      "client_part_id": 10,
      "name": "Sports Jacket",
      "part_index": 11,
      "rarity": "R",
      "ratio": "0.05",
      "token_id": 2010
    },
    {
      "client_part_id": 10,
      "name": "Fork Vest",
      "part_index": 12,
      "rarity": "R",
      "ratio": "0.05",
      "token_id": 2011
    },
    {
      "client_part_id": 10,
      "name": "Skeleton Baseball Coat",
      "part_index": 5,
      "rarity": "N",
      "ratio": "0.06",
      "token_id": 2004
    },
    {
      "client_part_id": 10,
      "name": "Vans Coat",
      "part_index": 6,
      "rarity": "N",
      "ratio": "0.06",
      "token_id": 2005
    },
    {
      "client_part_id": 10,
      "name": "Alien Baseball Coat",
      "part_index": 7,
      "rarity": "N",
      "ratio": "0.06",
      "token_id": 2006
    },
    {
      "client_part_id": 10,
      "name": "Simple Baseball Coat",
      "part_index": 8,
      "rarity": "N",
      "ratio": "0.06",
      "token_id": 2007
    },
    {
      "client_part_id": 10,
      "name": "Sleeveless Jacket",
      "part_index": 1,
      "rarity": "N",
      "ratio": "0.08",
      "token_id": 2000
    },
    {
      "client_part_id": 10,
      "name": "Black Red Coat",
      "part_index": 2,
      "rarity": "N",
      "ratio": "0.08",
      "token_id": 2001
    },
    {
      "client_part_id": 10,
      "name": "Black Coat",
      "part_index": 3,
      "rarity": "N",
      "ratio": "0.08",
      "token_id": 2002
    },
    {
      "client_part_id": 10,
      "name": "Fork Jacket Rivet Jacket",
      "part_index": 4,
      "rarity": "N",
      "ratio": "0.08",
      "token_id": 2003
    }
  ]
}
