{
  "0": {
    "0": 1000,
    "1": 1001,
    "2": 1002,
    "3": 1003,
    "4": 1004,
    "5": 1005,
    "6": 1006
  },
  "1": {
    "1": 1100,
    "10": 1109,
    "11": 1110,
    "12": 1111,
    "2": 1101,
    "3": 1102,
    "4": 1103,
    "5": 1104,
    "6": 1105,
    "7": 1106,
    "8": 1107,
    "9": 1108
  },
  "10": {
    "1": 2000,
    "10": 2009,
    "11": 2010,
    "12": 2011,
    "13": 2012,
    "14": 2013,
    "15": 2014,
    "16": 2015,
    "17": 2016,
    "18": 2017,
    "19": 2018,
    "2": 2001,
    "20": 2019,
    "3": 2002,
    "4": 2003,
    "5": 2004,
    "6": 2005,
    "7": 2006,
    "8": 2007,
    "9": 2008
  },
  "2": {
    "1": 1200,
    "10": 1209,
    "2": 1201,
    "3": 1202,
    "4": 1203,
    "5": 1204,
    "6": 1205,
    "7": 1206,
    "8": 1207,
    "9": 1208
  },
  "3": {
    "1": 1300,
    "10": 1309,
    "11": 1310,
    "2": 1301,
    "3": 1302,
    "4": 1303,
    "5": 1304,
    "6": 1305,
    "7": 1306,
    "8": 1307,
    "9": 1308
  },
  "4": {
    "1": 1400,
    "10": 1409,
    "12": 1410,
    "13": 1411,
    "14": 1412,
    "15": 1413,
    "16": 1414,
    "17": 1415,
    "18": 1416,
    "19": 1417,
    "2": 1401,
    "20": 1418,
    "21": 1419,
    "22": 1420,
    "23": 1421,
    "24": 1422,
    "25": 1423,
    "26": 1424,
    "27": 1425,
    "28": 1426,
    "29": 1427,
    "3": 1402,
    "31": 1428,
    "32": 1429,
    "4": 1403,
    "5": 1404,
    "6": 1405,
    "7": 1406,
    "8": 1407,
    "9": 1408
  },
  "5": {
    "1": 1500,
    "10": 1509,
    "2": 1501,
    "3": 1502,
    "4": 1503,
    "5": 1504,
    "6": 1505,
    "7": 1506,
    "8": 1507,
    "9": 1508
  },
  "6": {
    "1": 1600,
    "10": 1609,
    "11": 1610,
    "12": 1611,
    "13": 1612,
    "14": 1613,
    "15": 1614,
    "16": 1615,
    "17": 1616,
    "18": 1617,
    "19": 1618,
    "2": 1601,
    "20": 1619,
    "3": 1602,
    "4": 1603,
    "5": 1604,
    "6": 1605,
    "7": 1606,
    "8": 1607,
    "9": 1608
  },
  "7": {
    "1": 1700,
    "10": 1709,
    "11": 1710,
    "12": 1711,
    "13": 1712,
    "14": 1713,
    "15": 1714,
    "16": 1715,
    "17": 1716,
    "18": 1717,
    "19": 1718,
    "2": 1701,
    "20": 1719,
    "3": 1702,
    "4": 1703,
    "5": 1704,
    "6": 1705,
    "7": 1706,
    "8": 1707,
    "9": 1708
  },
  "8": {
    "1": 1800,
    "10": 1809,
    "11": 1810,
    "12": 1811,
    "13": 1812,
    "14": 1813,
    "15": 1814,
    "16": 1815,
    "17": 1816,
    "18": 1817,
    "19": 1818,
    "2": 1801,
    "20": 1819,
    "3": 1802,
    "4": 1803,
    "5": 1804,
    "6": 1805,
    "7": 1806,
    "8": 1807,
    "9": 1808
  },
  "9": {
    "1": 1900,
    "10": 1909,
    "11": 1910,
    "2": 1901,
    "3": 1902,
    "4": 1903,
    "5": 1904,
    "6": 1905,
    "7": 1906,
    "8": 1907,
    "9": 1908
  }
}
