{
  "1000": "Body_0.png",
  "1001": "Body_1.png",
  "1002": "Body_2.png",
  "1003": "Body_3.png",
  "1004": "Body_4.png",
  "1005": "Body_5.png",
  "1006": "Body_6.png",
  "1100": "Hair_1.png",
  "1101": "Hair_2.png",
  "1102": "Hair_3.png",
  "1103": "Hair_4.png",
  "1104": "Hair_5.png",
  "1105": "Hair_6.png",
  "1106": "Hair_7.png",
  "1107": "Hair_8.png",
  "1108": "Hair_9.png",
  "1109": "Hair_10.png",
  "1110": "Hair_11.png",
  "1111": "Hair_12.png",
  "1200": "Beard_1.png",
  "1201": "Beard_2.png",
  "1202": "Beard_3.png",
  "1203": "Beard_4.png",
  "1204": "Beard_5.png",
  "1205": "Beard_6.png",
  "1206": "Beard_7.png",
  "1207": "Beard_8.png",
  "1208": "Beard_9.png",
  "1209": "Beard_10.png",
  "1300": "Glasses_1.png",
  "1301": "Glasses_2.png",
  "1302": "Glasses_3.png",
  "1303": "Glasses_4.png",
  "1304": "Glasses_5.png",
  "1305": "Glasses_6.png",
  "1306": "Glasses_7.png",
  "1307": "Glasses_8.png",
  "1308": "Glasses_9.png",
  "1309": "Glasses_10.png",
  "1310": "Glasses_11.png",
  "1400": "Shirt_1.png",
  "1401": "Shirt_2.png",
  "1402": "Shirt_3.png",
  "1403": "Shirt_4.png",
  "1404": "Shirt_5.png",
  "1405": "Shirt_6.png",
  "1406": "Shirt_7.png",
  "1407": "Shirt_8.png",
  "1408": "Shirt_9.png",
  "1409": "Shirt_10.png",
  "1410": "Shirt_12.png",
  "1411": "Shirt_13.png",
  "1412": "Shirt_14.png",
  "1413": "Shirt_15.png",
  "1414": "Shirt_16.png",
  "1415": "Shirt_17.png",
  "1416": "Shirt_18.png",
  "1417": "Shirt_19.png",
  "1418": "Shirt_20.png",
  "1419": "Shirt_21.png",
  "1420": "Shirt_22.png",
  "1421": "Shirt_23.png",
  "1422": "Shirt_24.png",
  "1423": "Shirt_25.png",
  "1424": "Shirt_26.png",
  "1425": "Shirt_27.png",
  "1426": "Shirt_28.png",
  "1427": "Shirt_29.png",
  "1428": "Shirt_31.png",
  "1429": "Shirt_32.png",
  "1500": "Necklace_1.png",
  "1501": "Necklace_2.png",
  "1502": "Necklace_3.png",
  "1503": "Necklace_4.png",
  "1504": "Necklace_5.png",
  "1505": "Necklace_6.png",
  "1506": "Necklace_7.png",
  "1507": "Necklace_8.png",
  "1508": "Necklace_9.png",
  "1509": "Necklace_10.png",
  "1600": "Shoes_1.png",
  "1601": "Shoes_2.png",
  "1602": "Shoes_3.png",
  "1603": "Shoes_4.png",
  "1604": "Shoes_5.png",
  "1605": "Shoes_6.png",
  "1606": "Shoes_7.png",
  "1607": "Shoes_8.png",
  "1608": "Shoes_9.png",
  "1609": "Shoes_10.png",
  "1610": "Shoes_11.png",
  "1611": "Shoes_12.png",
  "1612": "Shoes_13.png",
  "1613": "Shoes_14.png",
  "1614": "Shoes_15.png",
  "1615": "Shoes_16.png",
  "1616": "Shoes_17.png",
  "1617": "Shoes_18.png",
  "1618": "Shoes_19.png",
  "1619": "Shoes_20.png",
  "1700": "Pants_1.png",
  "1701": "Pants_2.png",
  "1702": "Pants_3.png",
  "1703": "Pants_4.png",
  "1704": "Pants_5.png",
  "1705": "Pants_6.png",
  "1706": "Pants_7.png",
  "1707": "Pants_8.png",
  "1708": "Pants_9.png",
  "1709": "Pants_10.png",
  "1710": "Pants_11.png",
  "1711": "Pants_12.png",
  "1712": "Pants_13.png",
  "1713": "Pants_14.png",
  "1714": "Pants_15.png",
  "1715": "Pants_16.png",
  "1716": "Pants_17.png",
  "1717": "Pants_18.png",
  "1718": "Pants_19.png",
  "1719": "Pants_20.png",
  "1800": "Hat_1.png",
  "1801": "Hat_2.png",
  "1802": "Hat_3.png",
  "1803": "Hat_4.png",
  "1804": "Hat_5.png",
  "1805": "Hat_6.png",
  "1806": "Hat_7.png",
  "1807": "Hat_8.png",
  "1808": "Hat_9.png",
  "1809": "Hat_10.png",
  "1810": "Hat_11.png",
  "1811": "Hat_12.png",
  "1812": "Hat_13.png",
  "1813": "Hat_14.png",
  "1814": "Hat_15.png",
  "1815": "Hat_16.png",
  "1816": "Hat_17.png",
  "1817": "Hat_18.png",
  "1818": "Hat_19.png",
  "1819": "Hat_20.png",
  "1900": "Earrings_1.png",
  "1901": "Earrings_2.png",
  "1902": "Earrings_3.png",
  "1903": "Earrings_4.png",
  "1904": "Earrings_5.png",
  "1905": "Earrings_6.png",
  "1906": "Earrings_7.png",
  "1907": "Earrings_8.png",
  "1908": "Earrings_9.png",
  "1909": "Earrings_10.png",
  "1910": "Earrings_11.png",
  "2000": "Coat_1.png",
  "2001": "Coat_2.png",
  "2002": "Coat_3.png",
  "2003": "Coat_4.png",
  "2004": "Coat_5.png",
  "2005": "Coat_6.png",
  "2006": "Coat_7.png",
  "2007": "Coat_8.png",
  "2008": "Coat_9.png",
  "2009": "Coat_10.png",
  "2010": "Coat_11.png",
  "2011": "Coat_12.png",
  "2012": "Coat_13.png",
  "2013": "Coat_14.png",
  "2014": "Coat_15.png",
  "2015": "Coat_16.png",
  "2016": "Coat_17.png",
  "2017": "Coat_18.png",
  "2018": "Coat_19.png",
  "2019": "Coat_20.png"
}
