[
  {
    "inputs": [
      {
        "internalType": "uint256",
        "name": "style",
        "type": "uint256"
      },
      {
        "internalType": "uint256",
        "name": "salt",
        "type": "uint256"
      }
    ],
    "name": "buyMysteryBoxLegend",
    "outputs": [],
    "stateMutability": "nonpayable",
    "type": "function"
  },
  {
    "inputs": [
      {
        "internalType": "address",
        "name": "",
        "type": "address"
      },
      {
        "internalType": "uint256",
        "name": "",
        "type": "uint256"
      }
    ],
    "name": "freeLegendWhiteList",
    "outputs": [
      {
        "internalType": "uint256",
        "name": "",
        "type": "uint256"
      }
    ],
    "stateMutability": "view",
    "type": "function"
  }
]
